{"cameraMode":{"drawMode":0,"name":"Shaded","section":"Shading Mode"},"sceneLighting":true,"audioPlay":false,"sceneViewState":{"m_AlwaysRefresh":false,"showFog":true,"showSkybox":true,"showFlares":true,"showImageEffects":true,"showParticleSystems":true,"showVisualEffectGraphs":true,"m_FxEnabled":true},"in2DMode":false,"pivot":{"x":0.04242068529129028,"y":0.617781937122345,"z":1.7057133913040162},"rotation":{"x":-0.04238416999578476,"y":-0.8844450116157532,"z":0.4574319124221802,"w":-0.08195077627897263},"size":5.319345474243164,"orthographic":false}